id,word,read,genre,tag,description
1,w1,r1,g1,t11 t12 t13,"d1


"
2,w2,r2,g2,t21 t22,"d21234567134578
"
3,w3,r3,g3,t31 t32 t33,"testtesttesttesttesttest
"
4,kokoko,kokoko,kokoko,kokoko,"kokoko
"
5,olt,iuhiu,iuhiuhiu,iuhiuhiuhiuhi,"iuhiuhihiuhiuhiuh
"
6,yrd,yrdy,yrd,ydyrd,"yrdyrdyrdydr
"
7,osigj,oisjtoh,oijosij,oidjogj,"dfsg
"
8,soigj,sths,dyhy,oijoij,"odjg
"
9,test,test,test,test,"testestes
"
10,asdgh,wsdgj,shj,sdh,"shjsdghj
"
11,ori,oijstoh,oijsoth,oijsoth,"oijoi
"
12,a,s,d,f,"g	h
"
13,q,w,e,r,"t
"
14,hogehogehogehogehogehogehogehoge,hogehoge,hogehoge,hogehoge,"hogeheoehohguegouauouaho
"
15,kok,okoko,okokokok,okokokokokokok,"okook
"
15,kokoko,kokokoko,kokokokoko,kokokokoko,"okokokokokoko
"
